insert into nationality(id, nationality_name, abbreviation) values (1, 'Serbia', 'SRB');
insert into nationality(id, nationality_name, abbreviation) values (2,'Spain', 'ESP');
insert into nationality(id, nationality_name, abbreviation) values (3,'United States of America', 'USA');
insert into nationality(id, nationality_name, abbreviation) values (4, 'Greece', 'GRC');
insert into nationality(id, nationality_name, abbreviation) values (5,'Slovenia', 'SLO');
insert into nationality(id, nationality_name, abbreviation) values (6,'France', 'FRA');
insert into nationality(id, nationality_name, abbreviation) values (7,'Italy', 'ITA');
insert into nationality(id, nationality_name, abbreviation) values (8,'Croatia', 'CRO');
insert into nationality(id, nationality_name, abbreviation) values (9,'Canada', 'CAN');
insert into nationality(id, nationality_name, abbreviation) values (10,'Turkey', 'TUR');
insert into league(id,league_name, label) values(1, 'National basketball association', 'NBA');
insert into league(id,league_name) values(2, 'Superleague');
insert into league(id,league_name, label) values(3,'Liga Endesa', 'ACB');
insert into league(id,league_name, label) values(4,'Super Ligi', 'BSL');
insert into league(id,league_name, label) values(5,'Basketball Bundesleague', 'BBL');
insert into league(id,league_name, label) values(6,'Lega A', 'LBA');
insert into team(id,id, team_name, founded, headquarter, league_id) values(1,'LA Clippers', to_date('01.01.1970', 'dd.mm.yyyy'), 'Los Angeles, California', 1);
insert into team(id,id, team_name, founded, headquarter, league_id) values(2,'Denver Nuggets', to_date('01.01.1967', 'dd.mm.yyyy'), 'Denver, Colorado', 1);
insert into team(id, team_name, founded, headquarter, league_id) values(3,'Crvena Zvezda', to_date('04.03.1945', 'dd.mm.yyyy'), 'Beograd, Srbija', 2);
insert into team(id, team_name, founded, headquarter, league_id) values(4,'Partizan', to_date('04.10.1945', 'dd.mm.yyyy'), 'Beograd, Srbija', 2);
insert into team(id, team_name, founded, headquarter, league_id) values(5,'FC Barcelona', to_date('01.01.1899', 'dd.mm.yyyy'), 'Barcelona, Spain', 3);
insert into team(id, team_name, founded, headquarter, league_id) values(6,'Real Madrid', to_date('06.03.1902', 'dd.mm.yyyy'), 'Madrid, Spain', 3);
insert into team(id, team_name, founded, headquarter, league_id) values(7,'Fenerbahce Dogus', to_date('03.05.1907', 'dd.mm.yyyy'), 'Istanbul, Turkey', 4);
insert into team(id, team_name, founded, headquarter, league_id) values(8,'Anadolu Efes', to_date('01.01.1976', 'dd.mm.yyyy'), 'Istanbul, Turkey', 4);
insert into team(id, team_name, founded, headquarter, league_id) values(9,'FC Bayern Munchen', to_date('01.01.1946', 'dd.mm.yyyy'), 'Munich, Germany', 5);
insert into team(id, team_name, founded, headquarter, league_id) values(10,'Brose Bamberg', to_date('01.01.1955', 'dd.mm.yyyy'), 'Bamberg, Germany', 5);
insert into team(id, team_name, founded, headquarter, league_id) values(11,'AX Armani Exchange Olimpia Milan', to_date('01.01.1936', 'dd.mm.yyyy'), 'Milan, Italy', 6);
insert into team(id, team_name, founded, headquarter, league_id) values(12,'Umana Reyer Venezia', to_date('01.01.1925', 'dd.mm.yyyy'), 'Venice, Italy', 6);
insert into player(id, first_name, last_name, reg_number, date_of_birth, height, nationality_id, team_id) values(1,'Milos', 'Teodosic', 'LAC/4', to_date('19.03.1987', 'dd.mm.yyyy'),196, 1 , 1);
insert into player(id, first_name, last_name, reg_number, date_of_birth, height, nationality_id, team_id) values(2,'Danilo', 'Gallinari', 'LAC/8', to_date('08.08.1988', 'dd.mm.yyyy'),208 ,7,1 );
insert into player(id, first_name, last_name, reg_number, date_of_birth, height, nationality_id, team_id) values(3,'DeAndre', 'Jordan', 'LAC/6', to_date('21.07.1988', 'dd.mm.yyyy'), 211, 3, 1);
insert into player(id, first_name, last_name, reg_number, date_of_birth, height, nationality_id, team_id) values(4,'Patrick', 'Beverly', 'LAC/21', to_date('12.07.1988', 'dd.mm.yyyy'), 186,3, 1);
insert into player(id, first_name, last_name, reg_number, date_of_birth, height, nationality_id, team_id) values(5,'Wesley', 'Johnson', 'LAC/33', to_date('11.07.1987', 'dd.mm.yyyy'),201, 3 , 1);
insert into player(id, first_name, last_name, reg_number, date_of_birth, height, nationality_id, team_id) values(6,'Nikola', 'Jokic', 'DN/15', to_date('19.02.1995', 'dd.mm.yyyy'), 208, 1,2 );
insert into player(id, first_name, last_name, reg_number, date_of_birth, height, nationality_id, team_id) values(7,'Juancho', 'Hernangomez', 'DN/41', to_date('28.09.1995', 'dd.mm.yyyy'),206, 2 , 2);
insert into player(id, first_name, last_name, reg_number, date_of_birth, height, nationality_id, team_id) values(8,'Monte', 'Morris', 'DN/11', to_date('27.06.1995', 'dd.mm.yyyy'),191, 3 , 2);
insert into player(id, first_name, last_name, reg_number, date_of_birth, height, nationality_id, team_id) values(9,'Trey', 'Lyles', 'DN/7', to_date('05.11.1995', 'dd.mm.yyyy'),208, 9, 2);
insert into player(id, first_name, last_name, reg_number, date_of_birth, height, nationality_id, team_id) values(10,'Jamal', 'Murray', 'DN/27', to_date('23.02.1997', 'dd.mm.yyyy'),193, 9 , 2);
insert into player(id, first_name, last_name, reg_number, date_of_birth, height, nationality_id, team_id) values(11,'Branko', 'Lazic', 'CZ/10', to_date('12.01.1989', 'dd.mm.yyyy'), 198,1 ,3);
insert into player(id, first_name, last_name, reg_number, date_of_birth, height, nationality_id, team_id) values(12,'Mathias', 'Lessort', 'CZ/26', to_date('29.09.1995', 'dd.mm.yyyy'),206 , 6,3);
insert into player(id, first_name, last_name, reg_number, date_of_birth, height, nationality_id, team_id) values(13,'Ognjen', 'Dobric', 'CZ/13', to_date('27.10.1994', 'dd.mm.yyyy'), 200,8 ,3);
insert into player(id, first_name, last_name, reg_number, date_of_birth, height, nationality_id, team_id) values(14,'Dylan', 'Ennis', 'CZ/31', to_date('26.12.1991', 'dd.mm.yyyy'),188 ,9 ,3);
insert into player(id, first_name, last_name, reg_number, date_of_birth, height, nationality_id, team_id) values(15,'Alen', 'Omic', 'CZ/23', to_date('26.05.1992', 'dd.mm.yyyy'),216 ,5 ,3);
insert into player(id, first_name, last_name, reg_number, date_of_birth, height, nationality_id, team_id) values(16,'Novica', 'Velickovic', 'PAR/12', to_date('05.10.1986', 'dd.mm.yyyy'),205 ,1 ,4);
insert into player(id, first_name, last_name, reg_number, date_of_birth, height, nationality_id, team_id) values(17,'Kwame', 'Vaughn', 'PAR/4', to_date('13.05.1990', 'dd.mm.yyyy'),191 ,3 ,4);
insert into player(id, first_name, last_name, reg_number, date_of_birth, height, nationality_id, team_id) values(18,'Bandja', 'Sy', 'PAR/5', to_date('30.07.1990', 'dd.mm.yyyy'),204 ,6 ,4);
insert into player(id, first_name, last_name, reg_number, date_of_birth, height, nationality_id, team_id) values(19,'Strahinja', 'Gavrilovic', 'PAR/17', to_date('05.04.1993', 'dd.mm.yyyy'),204 ,1 ,4);
insert into player(id, first_name, last_name, reg_number, date_of_birth, height, nationality_id, team_id) values(20,'Vanja', 'Marinkovic', 'PAR/9', to_date('09.01.1997', 'dd.mm.yyyy'),199 ,1 ,4);
insert into player(id, first_name, last_name, reg_number, date_of_birth, height, nationality_id, team_id) values(21,'Ante', 'Tomic', 'FCB/44', to_date('17.02.1987', 'dd.mm.yyyy'),217 ,8 ,5);
insert into player(id, first_name, last_name, reg_number, date_of_birth, height, nationality_id, team_id) values(22,'Kevin', 'Seraphin', 'FCB/1', to_date('07.12.1989', 'dd.mm.yyyy'),208 ,6 ,5);
insert into player(id, first_name, last_name, reg_number, date_of_birth, height, nationality_id, team_id) values(23,'Juan Carlos', 'Navarro', 'FCB/11', to_date('13.06.1980', 'dd.mm.yyyy'),192 ,2 ,5);
insert into player(id, first_name, last_name, reg_number, date_of_birth, height, nationality_id, team_id) values(24,'Pierre', 'Oriola', 'FCB/18', to_date('25.09.1992', 'dd.mm.yyyy'),208 ,2 ,5);
insert into player(id, first_name, last_name, reg_number, date_of_birth, height, nationality_id, team_id) values(25,'Thomas', 'Heurtel', 'FCB/13', to_date('10.04.1989', 'dd.mm.yyyy'),189 ,6 ,5);
insert into player(id, first_name, last_name, reg_number, date_of_birth, height, nationality_id, team_id) values(26,'Ognjen', 'Kuzmic', 'RM/32', to_date('19.05.1990', 'dd.mm.yyyy'),214 ,1 ,6);
insert into player(id, first_name, last_name, reg_number, date_of_birth, height, nationality_id, team_id) values(27,'Luka', 'Doncic', 'RM/7', to_date('28.02.1999', 'dd.mm.yyyy'),199 ,5 ,6);
insert into player(id, first_name, last_name, reg_number, date_of_birth, height, nationality_id, team_id) values(28,'Rudy', 'Fernandez', 'RM/5', to_date('04.04.1985', 'dd.mm.yyyy'),196 ,2 ,6);
insert into player(id, first_name, last_name, reg_number, date_of_birth, height, nationality_id, team_id) values(29,'Fabien', 'Causeur', 'RM/1', to_date('16.06.1987', 'dd.mm.yyyy'),195 ,6 ,6);
insert into player(id, first_name, last_name, reg_number, date_of_birth, height, nationality_id, team_id) values(30,'Chasson', 'Randle', 'RM/2', to_date('05.02.1993', 'dd.mm.yyyy'),188 ,3 ,6);
insert into player(id, first_name, last_name, reg_number, date_of_birth, height, nationality_id, team_id) values(31,'Nikola', 'Kalinic', 'FNB/33', to_date('08.11.1991', 'dd.mm.yyyy'),202 ,1 ,7);
insert into player(id, first_name, last_name, reg_number, date_of_birth, height, nationality_id, team_id) values(32,'Luigi', 'Datome', 'FNB/70', to_date('27.11.1987', 'dd.mm.yyyy'),203 ,7 ,7);
insert into player(id, first_name, last_name, reg_number, date_of_birth, height, nationality_id, team_id) values(33,'Egehan', 'Arna', 'FNB/18', to_date('05.01.1997', 'dd.mm.yyyy'),203 ,10 ,7);
insert into player(id, first_name, last_name, reg_number, date_of_birth, height, nationality_id, team_id) values(34,'Kostas', 'Sloukas', 'FNB/16', to_date('15.01.1990', 'dd.mm.yyyy'),190 ,4 ,7);
insert into player(id, first_name, last_name, reg_number, date_of_birth, height, nationality_id, team_id) values(35,'Baris', 'Hersek', 'FNB/5', to_date('26.03.1988', 'dd.mm.yyyy'),208 ,10 ,7);
insert into player(id, first_name, last_name, reg_number, date_of_birth, height, nationality_id, team_id) values(36,'Vladimir', 'Å team_idac', 'AE/15', to_date('25.08.1987', 'dd.mm.yyyy'),210 ,1 ,8);
insert into player(id, first_name, last_name, reg_number, date_of_birth, height, nationality_id, team_id) values(37,'Krunoslav', 'Simon', 'AE/44', to_date('24.06.1985', 'dd.mm.yyyy'),197 ,8 ,8);
insert into player(id, first_name, last_name, reg_number, date_of_birth, height, nationality_id, team_id) values(38,'Zoran', 'Dragic', 'AE/30', to_date('22.06.1989', 'dd.mm.yyyy'),196 ,5 ,8);
insert into player(id, first_name, last_name, reg_number, date_of_birth, height, nationality_id, team_id) values(39,'Dogus', 'Balbay', 'AE/4', to_date('21.01.1989', 'dd.mm.yyyy'),185 ,10 ,8);
insert into player(id, first_name, last_name, reg_number, date_of_birth, height, nationality_id, team_id) values(40,'Derrick', 'Brown', 'AE/5', to_date('08.09.1987', 'dd.mm.yyyy'),203 ,3 ,8);
insert into player(id, first_name, last_name, reg_number, date_of_birth, height, nationality_id, team_id) values(41,'Stefan', 'Jovic', 'BM/16', to_date('03.11.1990', 'dd.mm.yyyy'),198 ,1 ,9);
insert into player(id, first_name, last_name, reg_number, date_of_birth, height, nationality_id, team_id) values(42,'Vladimir', 'Lucic', 'BM/11', to_date('17.06.1989', 'dd.mm.yyyy'),202 ,1 ,9);
insert into player(id, first_name, last_name, reg_number, date_of_birth, height, nationality_id, team_id) values(43, 'Reggie', 'Redding', 'BM/15', to_date('18.07.1988', 'dd.mm.yyyy'),193 ,3 ,9);
insert into player(id, first_name, last_name, reg_number, date_of_birth, height, nationality_id, team_id) values(44,'Anton', 'Gavel', 'BM/25', to_date('24.10.1984', 'dd.mm.yyyy'),189 ,5 ,9);
insert into player(id, first_name, last_name, reg_number, date_of_birth, height, nationality_id, team_id) values(45,'Jared', 'Conningham', 'BM/9', to_date('22.05.1991', 'dd.mm.yyyy'),195 ,3 ,9);
insert into player(id, first_name, last_name, reg_number, date_of_birth, height, nationality_id, team_id) values(46,'Daniel', 'Hackett', 'BB/0', to_date('19.12.1987', 'dd.mm.yyyy'),197 ,7 ,10);
insert into player(id, first_name, last_name, reg_number, date_of_birth, height, nationality_id, team_id) values(47,'Aleksej', 'Nikolic', 'BB/7', to_date('21.02.1995', 'dd.mm.yyyy'),191 ,5 ,10);
insert into player(id, first_name, last_name, reg_number, date_of_birth, height, nationality_id, team_id) values(48,'Nikos', 'Zisis', 'BB/6', to_date('16.08.1983', 'dd.mm.yyyy'),197 ,4 ,10);
insert into player(id, first_name, last_name, reg_number, date_of_birth, height, nationality_id, team_id) values(49,'Dejan', 'Musli', 'BB/42', to_date('03.01.1991', 'dd.mm.yyyy'),213 ,1 ,10);
insert into player(id, first_name, last_name, reg_number, date_of_birth, height, nationality_id, team_id) values(50,'Bryce', 'Taylor', 'BB/44', to_date('27.09.1986', 'dd.mm.yyyy'),195 ,3 ,10);
insert into player(id, first_name, last_name, reg_number, date_of_birth, height, nationality_id, team_id) values(51,'Vladimir', 'Micov', 'OM/5', to_date('16.04.1985', 'dd.mm.yyyy'),201 ,1 ,11);
insert into player(id, first_name, last_name, reg_number, date_of_birth, height, nationality_id, team_id) values(52,'Andrea', 'Cinciarini', 'OM/20', to_date('21.0.1986', 'dd.mm.yyyy'),193 ,7 ,11);
insert into player(id, first_name, last_name, reg_number, date_of_birth, height, nationality_id, team_id) values(53,'Patric', 'Young', 'OM/28', to_date('01.02.1992', 'dd.mm.yyyy'),209 ,3 ,11);
insert into player(id, first_name, last_name, reg_number, date_of_birth, height, nationality_id, team_id) values(54,'Amath', 'MBay', 'OM/24', to_date('14.12.1989', 'dd.mm.yyyy'),206 ,6 ,11);
insert into player(id, first_name, last_name, reg_number, date_of_birth, height, nationality_id, team_id) values(55,'Marco', 'Cusin', 'OM/22', to_date('28.02.1985', 'dd.mm.yyyy'),211 ,7 ,11);
insert into player(id, first_name, last_name, reg_number, date_of_birth, height, nationality_id, team_id) values(56,'Hrvoje', 'Peric', 'URV/2', to_date('25.10.1985', 'dd.mm.yyyy'),203 ,8 ,12);
insert into player(id, first_name, last_name, reg_number, date_of_birth, height, nationality_id, team_id) values(57,'Michael', 'Bramos', 'URV/6', to_date('27.05.1987', 'dd.mm.yyyy'),196 ,4 ,12);
insert into player(id, first_name, last_name, reg_number, date_of_birth, height, nationality_id, team_id) values(58,'Andrea', 'De Nicolao', 'URV/10', to_date('21.08.1991', 'dd.mm.yyyy'),185 ,7 ,12);
insert into player(id, first_name, last_name, reg_number, date_of_birth, height, nationality_id, team_id) values(59,'Michael', 'Jenkins', 'URV/11', to_date('06.09.1986', 'dd.mm.yyyy'),192 ,3 ,12);
insert into player(id, first_name, last_name, reg_number, date_of_birth, height, nationality_id, team_id) values(60,'Marquez', 'Haynes', 'URV/0', to_date('19.12.1986', 'dd.mm.yyyy'),191 ,3 ,12);